{"cameraMode":{"drawMode":0,"name":"Shaded","section":"Shading Mode"},"sceneLighting":true,"audioPlay":false,"sceneViewState":{"m_AlwaysRefresh":false,"showFog":true,"showSkybox":true,"showFlares":true,"showImageEffects":true,"showParticleSystems":true,"showVisualEffectGraphs":true,"m_FxEnabled":true},"in2DMode":false,"pivot":{"x":14.674176216125489,"y":-1.815553903579712,"z":-6.768219470977783},"rotation":{"x":0.018920568749308587,"y":-0.43516427278518679,"z":0.009133062325417996,"w":0.9001812934875488},"size":0.09124089777469635,"orthographic":false}