{"cameraMode":{"drawMode":0,"name":"Shaded","section":"Shading Mode"},"sceneLighting":true,"audioPlay":false,"sceneViewState":{"m_AlwaysRefresh":false,"showFog":true,"showSkybox":true,"showFlares":true,"showImageEffects":true,"showParticleSystems":true,"showVisualEffectGraphs":true,"m_FxEnabled":true},"in2DMode":false,"pivot":{"x":16.24738883972168,"y":-0.9451726675033569,"z":-6.421890735626221},"rotation":{"x":-0.39742276072502139,"y":-0.14575128257274629,"z":0.06409624218940735,"w":-0.9037168622016907},"size":1.6496292352676392,"orthographic":false}