{"cameraMode":{"drawMode":0,"name":"Shaded","section":"Shading Mode"},"sceneLighting":true,"audioPlay":false,"sceneViewState":{"m_AlwaysRefresh":false,"showFog":true,"showSkybox":true,"showFlares":true,"showImageEffects":true,"showParticleSystems":true,"showVisualEffectGraphs":true,"m_FxEnabled":true},"in2DMode":false,"pivot":{"x":17.685956954956056,"y":4.141516208648682,"z":-4.8628129959106449},"rotation":{"x":0.1306542158126831,"y":0.6955335736274719,"z":-0.13088937103748322,"w":0.6942862272262573},"size":0.11734871566295624,"orthographic":false}