{"cameraMode":{"drawMode":0,"name":"Shaded","section":"Shading Mode"},"sceneLighting":true,"audioPlay":false,"sceneViewState":{"m_AlwaysRefresh":false,"showFog":true,"showSkybox":true,"showFlares":true,"showImageEffects":true,"showParticleSystems":true,"showVisualEffectGraphs":true,"m_FxEnabled":true},"in2DMode":false,"pivot":{"x":4.223836421966553,"y":9.593469619750977,"z":-3.0717999935150148},"rotation":{"x":-0.3989914655685425,"y":0.058806054294109347,"z":-0.025682764127850534,"w":-0.9147264361381531},"size":10.390924453735352,"orthographic":false}