{"cameraMode":{"drawMode":0,"name":"Shaded","section":"Shading Mode"},"sceneLighting":true,"audioPlay":false,"sceneViewState":{"m_AlwaysRefresh":false,"showFog":true,"showSkybox":true,"showFlares":true,"showImageEffects":true,"showParticleSystems":true,"showVisualEffectGraphs":true,"m_FxEnabled":true},"in2DMode":false,"pivot":{"x":24.27988052368164,"y":3.4801173210144045,"z":3.933572769165039},"rotation":{"x":0.19700974225997926,"y":-0.09161794930696488,"z":-0.018494971096515657,"w":-0.9759371876716614},"size":0.956133246421814,"orthographic":false}